numero_procedimiento,nro_saf,descripcion_saf,nro_uoc,descripcion_uoc,unidad_ejecutora,tipo_de_procedimiento,modalidad,apartado_directa,ejercicio,fecha_de_adjudicacion,rubros,cuit,descripcion_proveedor,documento_contractual,tipo,monto,moneda,tipo_de_operacion
23-0019-LPU16,23,23/000 - Dirección General de Administración - SG,23,23/000 - Dirección General de Administración - SG,23/000 - Dirección General de Administración - SG,Licitacion Pública,Sin Modalidad,,2016,28/12/2016 03:54:01 p.m.,MANT. REPARACION Y LIMPIEZA;,20-23050606-0,Alfredo Sampedro,23-1004-OC16,Original,1230000.0,Peso Argentino,Proceso de Compra
23-0019-LPU16,23,23/000 - Dirección General de Administración - SG,23,23/000 - Dirección General de Administración - SG,23/000 - Dirección General de Administración - SG,Licitacion Pública,Sin Modalidad,,2016,28/12/2016 03:54:01 p.m.,MANT. REPARACION Y LIMPIEZA;,30-71021000-0,TECNARAN SRL,23-1003-OC16,Original,13008000.0,Peso Argentino,Proceso de Compra
23-0029-CDI16,23,23/000 - Dirección General de Administración - SG,23,23/000 - Dirección General de Administración - SG,23/000 - Dirección General de Administración - SG,Contratación Directa,Sin Modalidad,Apartado 1: Compulsa Abreviada Por Monto,2016,30/11/2016 05:45:39 p.m.,MANT. REPARACION Y LIMPIEZA;,30-71400578-9,SIMA POWER SYSTEMS SRL,23-1000-OC16,Original,221300.0,Peso Argentino,Proceso de Compra
23-0034-CDI16,23,23/000 - Dirección General de Administración - SG,23,23/000 - Dirección General de Administración - SG,23/000 - Dirección General de Administración - SG,Contratación Directa,Sin Modalidad,Apartado 5: Compulsa Abreviada por Urgencia,2016,26/12/2016 03:27:48 p.m.,MANT. REPARACION Y LIMPIEZA;,30-69446559-1,ADSUR S.A.,23-1002-OC16,Original,3760924.4,Peso Argentino,Proceso de Compra
23-0034-CDI16,23,23/000 - Dirección General de Administración - SG,23,23/000 - Dirección General de Administración - SG,23/000 - Dirección General de Administración - SG,Contratación Directa,Sin Modalidad,Apartado 5: Compulsa Abreviada por Urgencia,2016,26/12/2016 03:27:48 p.m.,MANT. REPARACION Y LIMPIEZA;,30-69446559-1,ADSUR S.A.,23-1032-OC17,Ampliación,108775.0,Peso Argentino,Proceso de Compra
23-0034-CDI16,23,23/000 - Dirección General de Administración - SG,23,23/000 - Dirección General de Administración - SG,23/000 - Dirección General de Administración - SG,Contratación Directa,Sin Modalidad,Apartado 5: Compulsa Abreviada por Urgencia,2016,26/12/2016 03:27:48 p.m.,MANT. REPARACION Y LIMPIEZA;,30-69446559-1,ADSUR S.A..,23-1117-OC17,Ampliación,618941.0,Peso Argentino,Proceso de Compra
23-0051-CDI16,23,23/000 - Dirección General de Administración - SG,23,23/000 - Dirección General de Administración - SG,23/000 - Dirección General de Administración - SG,Contratación Directa,Sin Modalidad,Apartado 8: Adjudicación Simple Interadministrativa,2016,21/12/2016 05:09:48 p.m.,BANCOS Y SEGUROS;,30-67856116-5,NACION SEGUROS S.A.,23-1001-OC16,Original,151723.32,Peso Argentino,Proceso de Compra
23-0052-CDI16,23,23/000 - Dirección General de Administración - SG,23,23/000 - Dirección General de Administración - SG,23/000 - Dirección General de Administración - SG,Contratación Directa,Sin Modalidad,Apartado 8: Adjudicación Simple Interadministrativa,2016,30/12/2016 01:34:11 p.m.,BANCOS Y SEGUROS;,30-67856116-5,NACION SEGUROS S.A.,23-1005-OC16,Original,429969.93,Dolar Estadounidense,Proceso de Compra
300-0005-LPR16,300,300/000 - Dirección General de Administración - SECLyT,300,300/000 - Dirección General de Administración - SECLyT,300/000 - Dirección General de Administración - SECLyT,Licitacion Privada,Sin Modalidad,,2016,21/12/2016 02:36:43 p.m.,ELECTRICIDAD Y TELEFONIA;EQUIPOS;INFORMATICA;REPUESTOS;,30-70787057-1,BASESIDE S.R.L.,300-1015-OC16,Original,328650.0,Peso Argentino,Proceso de Compra
300-0005-LPR16,300,300/000 - Dirección General de Administración - SECLyT,300,300/000 - Dirección General de Administración - SECLyT,300/000 - Dirección General de Administración - SECLyT,Licitacion Privada,Sin Modalidad,,2016,21/12/2016 02:36:43 p.m.,ELECTRICIDAD Y TELEFONIA;EQUIPOS;INFORMATICA;REPUESTOS;,30-70899515-7,Netlabs SRL,300-1016-OC16,Original,564696.0,Peso Argentino,Proceso de Compra
300-0005-LPR16,300,300/000 - Dirección General de Administración - SECLyT,300,300/000 - Dirección General de Administración - SECLyT,300/000 - Dirección General de Administración - SECLyT,Licitacion Privada,Sin Modalidad,,2016,21/12/2016 02:36:43 p.m.,ELECTRICIDAD Y TELEFONIA;EQUIPOS;INFORMATICA;REPUESTOS;,30-71474920-6,Ebox S.A.,300-1017-OC16,Original,97044.3,Peso Argentino,Proceso de Compra
300-0006-CDI16,300,300/000 - Dirección General de Administración - SECLyT,300,300/000 - Dirección General de Administración - SECLyT,300/000 - Dirección General de Administración - SECLyT,Contratación Directa,Sin Modalidad,Apartado 1: Compulsa Abreviada Por Monto,2016,31/10/2016 05:10:03 p.m.,HERRAMIENTAS;INFORMATICA;LIBRERIA;PAP. Y UTILES OFICINA;,20-27147290-1,luciano hernan diz,300-1004-OC16,Original,59616.0,Peso Argentino,Proceso de Compra
300-0006-CDI16,300,300/000 - Dirección General de Administración - SECLyT,300,300/000 - Dirección General de Administración - SECLyT,300/000 - Dirección General de Administración - SECLyT,Contratación Directa,Sin Modalidad,Apartado 1: Compulsa Abreviada Por Monto,2016,31/10/2016 05:10:03 p.m.,HERRAMIENTAS;INFORMATICA;LIBRERIA;PAP. Y UTILES OFICINA;,20-30278722-1,Martin Hernan Barbatelli,300-1005-OC16,Original,6740.0,Peso Argentino,Proceso de Compra
300-0006-CDI16,300,300/000 - Dirección General de Administración - SECLyT,300,300/000 - Dirección General de Administración - SECLyT,300/000 - Dirección General de Administración - SECLyT,Contratación Directa,Sin Modalidad,Apartado 1: Compulsa Abreviada Por Monto,2016,31/10/2016 05:10:03 p.m.,HERRAMIENTAS;INFORMATICA;LIBRERIA;PAP. Y UTILES OFICINA;,30-59126775-9,ERRE-DE SRL,300-1003-OC16,Original,82019.8,Peso Argentino,Proceso de Compra
300-0006-CDI16,300,300/000 - Dirección General de Administración - SECLyT,300,300/000 - Dirección General de Administración - SECLyT,300/000 - Dirección General de Administración - SECLyT,Contratación Directa,Sin Modalidad,Apartado 1: Compulsa Abreviada Por Monto,2016,31/10/2016 05:10:03 p.m.,HERRAMIENTAS;INFORMATICA;LIBRERIA;PAP. Y UTILES OFICINA;,30-70748071-4,M. B. G. COMERCIAL S. R. L. ,300-1002-OC16,Original,83893.86,Peso Argentino,Proceso de Compra
300-0007-CDI16,300,300/000 - Dirección General de Administración - SECLyT,300,300/000 - Dirección General de Administración - SECLyT,300/000 - Dirección General de Administración - SECLyT,Contratación Directa,Sin Modalidad,Apartado 3: Adjudicación Simple por Exclusividad,2016,28/09/2016 12:29:07 p.m.,IMPRENTA Y EDITORIALES;SERV. PROFESIONAL Y COMERCIAL;SERVICIOS BASICOS;,30-50010631-6,LA LEY SOCIEDAD ANONIMA; EDITORA E IMPRESORA,300-1001-OC16,Original,762093.0,Peso Argentino,Proceso de Compra
300-0007-LPR16,300,300/000 - Dirección General de Administración - SECLyT,300,300/000 - Dirección General de Administración - SECLyT,300/000 - Dirección General de Administración - SECLyT,Licitacion Privada,Sin Modalidad,,2016,07/12/2016 11:22:35 a.m.,INFORMATICA;SERV. PROFESIONAL Y COMERCIAL;,30-68007599-5,MOST S.A,300-1011-OC16,Original,866360.0,Peso Argentino,Proceso de Compra
300-0007-LPR16,300,300/000 - Dirección General de Administración - SECLyT,300,300/000 - Dirección General de Administración - SECLyT,300/000 - Dirección General de Administración - SECLyT,Licitacion Privada,Sin Modalidad,,2016,07/12/2016 11:22:35 a.m.,INFORMATICA;SERV. PROFESIONAL Y COMERCIAL;,30-70202483-4,Datastar Argentina S.A.,300-1012-OC16,Original,1187083.0,Peso Argentino,Proceso de Compra
300-0007-LPR16,300,300/000 - Dirección General de Administración - SECLyT,300,300/000 - Dirección General de Administración - SECLyT,300/000 - Dirección General de Administración - SECLyT,Licitacion Privada,Sin Modalidad,,2016,07/12/2016 11:22:35 a.m.,INFORMATICA;SERV. PROFESIONAL Y COMERCIAL;,30-70202483-4,Datastar Argentina S.A.,300-1035-OC17,Prórroga,1187083.0,Peso Argentino,Proceso de Compra
300-0007-LPR16,300,300/000 - Dirección General de Administración - SECLyT,300,300/000 - Dirección General de Administración - SECLyT,300/000 - Dirección General de Administración - SECLyT,Licitacion Privada,Sin Modalidad,,2016,07/12/2016 11:22:35 a.m.,INFORMATICA;SERV. PROFESIONAL Y COMERCIAL;,30-70899515-7,Netlabs SRL,300-1013-OC16,Original,240306.0,Peso Argentino,Proceso de Compra
300-0008-CDI16,300,300/000 - Dirección General de Administración - SECLyT,300,300/000 - Dirección General de Administración - SECLyT,300/000 - Dirección General de Administración - SECLyT,Contratación Directa,Sin Modalidad,Apartado 1: Compulsa Abreviada Por Monto,2016,16/11/2016 03:32:11 p.m.,BAZAR Y MENAJE;ELECTRICIDAD Y TELEFONIA;ELEMENTOS DE LIMPIEZA;FERRETERIA;HERRAMIENTAS;MANT. REPARACION Y LIMPIEZA;PROD. MEDICO/FARMACEUTICOS/LAB;,30-56921168-5,Electricidad Chiclana de R. Santoianni y O.S. Rodriguez,300-1008-OC16,Original,11072.5,Peso Argentino,Proceso de Compra
300-0008-CDI16,300,300/000 - Dirección General de Administración - SECLyT,300,300/000 - Dirección General de Administración - SECLyT,300/000 - Dirección General de Administración - SECLyT,Contratación Directa,Sin Modalidad,Apartado 1: Compulsa Abreviada Por Monto,2016,16/11/2016 03:32:11 p.m.,BAZAR Y MENAJE;ELECTRICIDAD Y TELEFONIA;ELEMENTOS DE LIMPIEZA;FERRETERIA;HERRAMIENTAS;MANT. REPARACION Y LIMPIEZA;PROD. MEDICO/FARMACEUTICOS/LAB;,30-70748071-4,M. B. G. COMERCIAL S. R. L. ,300-1006-OC16,Original,8674.26,Peso Argentino,Proceso de Compra
300-0008-CDI16,300,300/000 - Dirección General de Administración - SECLyT,300,300/000 - Dirección General de Administración - SECLyT,300/000 - Dirección General de Administración - SECLyT,Contratación Directa,Sin Modalidad,Apartado 1: Compulsa Abreviada Por Monto,2016,16/11/2016 03:32:11 p.m.,BAZAR Y MENAJE;ELECTRICIDAD Y TELEFONIA;ELEMENTOS DE LIMPIEZA;FERRETERIA;HERRAMIENTAS;MANT. REPARACION Y LIMPIEZA;PROD. MEDICO/FARMACEUTICOS/LAB;,30-71158542-3,SERVICIOS PARA LA HIGIENE SA,300-1007-OC16,Original,7582.82,Peso Argentino,Proceso de Compra
300-0009-CDI16,300,300/000 - Dirección General de Administración - SECLyT,300,300/000 - Dirección General de Administración - SECLyT,300/000 - Dirección General de Administración - SECLyT,Contratación Directa,Sin Modalidad,Apartado 3: Adjudicación Simple por Exclusividad,2016,30/09/2016 05:31:18 p.m.,IMPRENTA Y EDITORIALES;LIBRERIA;PAP. Y UTILES OFICINA;SERV. PROFESIONAL Y COMERCIAL;,30-70778707-0,Ediciones Rap s.a.,300-1000-OC16,Original,9093.0,Peso Argentino,Proceso de Compra
300-0010-CDI16,300,300/000 - Dirección General de Administración - SECLyT,300,300/000 - Dirección General de Administración - SECLyT,300/000 - Dirección General de Administración - SECLyT,Contratación Directa,Sin Modalidad,Apartado 1: Compulsa Abreviada Por Monto,2016,30/11/2016 10:43:49 a.m.,ALIMENTOS;,30-55541422-2,Los Cinco Hispanos Sociedad Anónima,300-1009-OC16,Original,79679.5,Peso Argentino,Proceso de Compra
300-0010-CDI16,300,300/000 - Dirección General de Administración - SECLyT,300,300/000 - Dirección General de Administración - SECLyT,300/000 - Dirección General de Administración - SECLyT,Contratación Directa,Sin Modalidad,Apartado 1: Compulsa Abreviada Por Monto,2016,30/11/2016 10:43:49 a.m.,ALIMENTOS;,30-55541422-2,Los Cinco Hispanos Sociedad Anónima,300-1014-OC17,Ampliación,10584.0,Peso Argentino,Proceso de Compra
300-0010-CDI16,300,300/000 - Dirección General de Administración - SECLyT,300,300/000 - Dirección General de Administración - SECLyT,300/000 - Dirección General de Administración - SECLyT,Contratación Directa,Sin Modalidad,Apartado 1: Compulsa Abreviada Por Monto,2016,30/11/2016 10:43:49 a.m.,ALIMENTOS;,30-62329594-6,LAVIERI HNOS DE LAVIERI SEBASTIAN GABRIEL LAVIERI ALEJANDRO CARLOS,300-1010-OC16,Original,138640.0,Peso Argentino,Proceso de Compra
300-0010-CDI16,300,300/000 - Dirección General de Administración - SECLyT,300,300/000 - Dirección General de Administración - SECLyT,300/000 - Dirección General de Administración - SECLyT,Contratación Directa,Sin Modalidad,Apartado 1: Compulsa Abreviada Por Monto,2016,30/11/2016 10:43:49 a.m.,ALIMENTOS;,30-62329594-6,LAVIERI HNOS DE LAVIERI SEBASTIAN GABRIEL LAVIERI ALEJANDRO CARLOS.,300-1040-OC17,Ampliación,17450.0,Peso Argentino,Proceso de Compra
300-0014-CDI16,300,300/000 - Dirección General de Administración - SECLyT,300,300/000 - Dirección General de Administración - SECLyT,300/000 - Dirección General de Administración - SECLyT,Contratación Directa,Sin Modalidad,Apartado 2: Adjudicación Simple por Especialidad,2016,21/12/2016 01:06:46 p.m.,IMPRENTA Y EDITORIALES;SERVICIOS BASICOS;,30-50015162-1,UNIVERSITAS S.R.L.,300-1014-OC16,Original,29160.0,Peso Argentino,Proceso de Compra
315-0012-LPU16,315,315/000 - Dirección General de Administración - MP,315,315/000 - Dirección General de Administración - MP,315/000 - Dirección General de Administración - MP,Licitacion Pública,Sin Modalidad,,2016,22/11/2016 05:54:27 p.m.,MANT. REPARACION Y LIMPIEZA;,30-70832661-1,Opción Myca S.R.L.,315-1000-OC16,Original,10930000.0,Peso Argentino,Proceso de Compra
315-0012-LPU16,315,315/000 - Dirección General de Administración - MP,315,315/000 - Dirección General de Administración - MP,315/000 - Dirección General de Administración - MP,Licitacion Pública,Sin Modalidad,,2016,22/11/2016 05:54:27 p.m.,MANT. REPARACION Y LIMPIEZA;,30-70832661-1,Opción Myca S.R.L.,315-1009-OC17,Ampliación,2186000.0,Peso Argentino,Proceso de Compra
32-0007-LPR16,32,32/000 - Dirección General de Administración - MJyDDHH,32,32/000 - Dirección General de Administración - MJyDDHH,32/000 - Dirección General de Administración - MJyDDHH,Licitacion Privada,Sin Modalidad,,2016,16/12/2016 01:03:49 p.m.,INDUMENT TEXTIL Y CONFECCIONES;,30-50633344-6,BORCAL S.A.I.C.,32-1001-OC16,Original,2423400.0,Peso Argentino,Proceso de Compra
32-0007-LPR16,32,32/000 - Dirección General de Administración - MJyDDHH,32,32/000 - Dirección General de Administración - MJyDDHH,32/000 - Dirección General de Administración - MJyDDHH,Licitacion Privada,Sin Modalidad,,2016,16/12/2016 01:03:49 p.m.,INDUMENT TEXTIL Y CONFECCIONES;,30-71043932-6,ARTFUL SA,32-1000-OC16,Original,455929.0,Peso Argentino,Proceso de Compra
347-0057-CDI16,347,347/000 - Dirección General de Administración - MS,347,347/000 - Dirección General de Administración - MS,347/000 - Dirección General de Administración - MS,Contratación Directa,Sin Modalidad,Apartado 9: Adjudicación Simple con Universidades Nacionales,2016,01/12/2016 05:36:16 p.m.,SERV. PROFESIONAL Y COMERCIAL;,30-54666670-7,UNIVERSIDAD NACIONAL DE LA PLATA ,347-1000-OC16,Original,59000.0,Peso Argentino,Proceso de Compra
347-0059-CDI16,347,347/000 - Dirección General de Administración - MS,347,347/000 - Dirección General de Administración - MS,347/000 - Dirección General de Administración - MS,Contratación Directa,Sin Modalidad,Apartado 8: Adjudicación Simple Interadministrativa,2016,13/12/2016 06:36:40 p.m.,EQUIPO MILITAR Y DE SEGURIDAD ;,30-54669396-8,DIRECCIÓN GENERAL DE FABRICACIONES MILITARES,347-1002-OC16,Original,57118250.0,Peso Argentino,Proceso de Compra
347-0061-CDI16,347,347/000 - Dirección General de Administración - MS,347,347/000 - Dirección General de Administración - MS,347/000 - Dirección General de Administración - MS,Contratación Directa,Sin Modalidad,Apartado 9: Adjudicación Simple con Universidades Nacionales,2016,15/12/2016 12:53:23 p.m.,SERV. PROFESIONAL Y COMERCIAL;,30-54666656-1,UBA - FACULTAD DE ARQUITECTURA DISEÑO Y URBANISMO,347-1003-OC16,Original,731000.0,Peso Argentino,Proceso de Compra
347-0063-CDI16,347,347/000 - Dirección General de Administración - MS,347,347/000 - Dirección General de Administración - MS,347/000 - Dirección General de Administración - MS,Contratación Directa,Sin Modalidad,Apartado 8: Adjudicación Simple Interadministrativa,2016,01/12/2016 06:38:07 p.m.,EQUIPOS;,30-58558124-7,INVAP SOCIEDAD DEL ESTADO,347-1001-OC16,Original,22478953.0,Peso Argentino,Proceso de Compra
347-0066-CDI16,347,347/000 - Dirección General de Administración - MS,347,347/000 - Dirección General de Administración - MS,347/000 - Dirección General de Administración - MS,Contratación Directa,Sin Modalidad,Apartado 3: Adjudicación Simple por Exclusividad,2016,30/12/2016 04:01:43 p.m.,INFORMATICA;,30-64878971-4,UNITECH S.A.,347-1005-OC16,Original,3515518.77,Dolar Estadounidense,Proceso de Compra
347-0067-CDI16,347,347/000 - Dirección General de Administración - MS,347,347/000 - Dirección General de Administración - MS,347/000 - Dirección General de Administración - MS,Contratación Directa,Sin Modalidad,Apartado 8: Adjudicación Simple Interadministrativa,2016,30/12/2016 01:15:55 p.m.,EQUIPO MILITAR Y DE SEGURIDAD ;,30-54669396-8,DIRECCIÓN GENERAL DE FABRICACIONES MILITARES,347-1004-OC16,Original,61891714.0,Peso Argentino,Proceso de Compra
392-0027-CDI16,392,392/000 - Dirección General de Administración - AABE,392,392/000 - Dirección General de Administración - AABE,392/000 - Dirección General de Administración - AABE,Contratación Directa,Sin Modalidad,Apartado 3: Adjudicación Simple por Exclusividad,2016,07/11/2016 02:53:16 p.m.,SERV. PROFESIONAL Y COMERCIAL;,30-50010631-6,LA LEY SOCIEDAD ANONIMA; EDITORA E IMPRESORA,392-1000-OC16,Original,52750.0,Peso Argentino,Proceso de Compra
392-0027-CDI16,392,392/000 - Dirección General de Administración - AABE,392,392/000 - Dirección General de Administración - AABE,392/000 - Dirección General de Administración - AABE,Contratación Directa,Sin Modalidad,Apartado 3: Adjudicación Simple por Exclusividad,2016,07/11/2016 02:53:16 p.m.,SERV. PROFESIONAL Y COMERCIAL;,30-50010631-6,LA LEY SOCIEDAD ANONIMA; EDITORA E IMPRESORA,392-1071-OC17,Prórroga,52750.0,Peso Argentino,Proceso de Compra
392-0034-CDI16,392,392/000 - Dirección General de Administración - AABE,392,392/000 - Dirección General de Administración - AABE,392/000 - Dirección General de Administración - AABE,Contratación Directa,Sin Modalidad,Apartado 1: Compulsa Abreviada Por Monto,2016,12/12/2016 10:36:21 a.m.,ALIMENTOS;,30-71252704-4,Marta Dieguez SRL,392-1001-OC16,Original,485900.0,Peso Argentino,Proceso de Compra
392-0039-CDI16,392,392/000 - Dirección General de Administración - AABE,392,392/000 - Dirección General de Administración - AABE,392/000 - Dirección General de Administración - AABE,Contratación Directa,Sin Modalidad,Apartado 3: Adjudicación Simple por Exclusividad,2016,29/12/2016 04:26:27 p.m.,INFORMATICA;,887,MSLI Latam; Inc.,392-1002-OC16,Original,623340.48,Dolar Estadounidense,Proceso de Compra
450-0001-CAM16,450,450/000 - Dirección General de Administración y Finanzas,450,450/000 - Dirección General de Administración y Finanzas,450/000 - Dirección General de Administración y Finanzas,Compulsa Abreviada por Monto,Sin Modalidad,,2016,18/11/2016 02:25:15 p.m.,ELECTRICIDAD Y TELEFONIA;,30-70824708-8,CL CONSTRUCCIONES Y SERVICIOS SRL,450-1013-OC16,Original,768426.08,Peso Argentino,Proceso de Compra
450-0001-CPR16,450,450/000 - Dirección General de Administración y Finanzas,450,450/000 - Dirección General de Administración y Finanzas,450/000 - Dirección General de Administración y Finanzas,Concurso Privado,Sin Modalidad,,2016,17/11/2016 05:54:16 p.m.,SERV. PROFESIONAL Y COMERCIAL;,30-70818586-4,Pistrelli; Henry Martin y Asociados SRL,450-1008-OC16,Original,2480500.0,Peso Argentino,Proceso de Compra
450-0001-CPR16,450,450/000 - Dirección General de Administración y Finanzas,450,450/000 - Dirección General de Administración y Finanzas,450/000 - Dirección General de Administración y Finanzas,Concurso Privado,Sin Modalidad,,2016,17/11/2016 05:54:16 p.m.,SERV. PROFESIONAL Y COMERCIAL;,30-70818586-4,Pistrelli; Henry Martin y Asociados SRL,450-1062-OC17,Prórroga,2480500.0,Peso Argentino,Proceso de Compra
450-0004-CAM16,450,450/000 - Dirección General de Administración y Finanzas,450,450/000 - Dirección General de Administración y Finanzas,450/000 - Dirección General de Administración y Finanzas,Compulsa Abreviada por Monto,Sin Modalidad,,2016,03/11/2016 12:38:05 p.m.,SERV. PROFESIONAL Y COMERCIAL;,30-70988073-6,HEMACAR CONSTRUCCIONES SRL,450-1002-OC16,Original,367900.0,Peso Argentino,Proceso de Compra
450-0004-CPU16,450,450/000 - Dirección General de Administración y Finanzas,450,450/000 - Dirección General de Administración y Finanzas,450/000 - Dirección General de Administración y Finanzas,Concurso Público,Sin Modalidad,,2016,18/11/2016 03:24:20 p.m.,SERV. PROFESIONAL Y COMERCIAL;,30-70199363-9,PCG SA,450-1009-OC16,Original,4500000.0,Peso Argentino,Proceso de Compra
450-0004-CPU16,450,450/000 - Dirección General de Administración y Finanzas,450,450/000 - Dirección General de Administración y Finanzas,450/000 - Dirección General de Administración y Finanzas,Concurso Público,Sin Modalidad,,2016,18/11/2016 03:24:20 p.m.,SERV. PROFESIONAL Y COMERCIAL;,30-70199363-9,PCG SA,450-1019-OC17,Prórroga,1800000.0,Peso Argentino,Proceso de Compra
450-0005-CPR16,450,450/000 - Dirección General de Administración y Finanzas,450,450/000 - Dirección General de Administración y Finanzas,450/000 - Dirección General de Administración y Finanzas,Concurso Privado,Sin Modalidad,,2016,26/12/2016 12:37:13 p.m.,INFORMATICA;SERV. PROFESIONAL Y COMERCIAL;,30-69549623-7,Sync Technologies SRL,450-1018-OC16,Original,4958000.0,Peso Argentino,Proceso de Compra
450-0005-CPU16,450,450/000 - Dirección General de Administración y Finanzas,450,450/000 - Dirección General de Administración y Finanzas,450/000 - Dirección General de Administración y Finanzas,Concurso Público,Sin Modalidad,,2016,30/12/2016 10:31:13 a.m.,SERV. PROFESIONAL Y COMERCIAL;,30-64570631-1,Microsoft de Argentina S.A.,450-1034-OC16,Original,15295194.48,Peso Argentino,Proceso de Compra
450-0006-CPR16,450,450/000 - Dirección General de Administración y Finanzas,450,450/000 - Dirección General de Administración y Finanzas,450/000 - Dirección General de Administración y Finanzas,Concurso Privado,Sin Modalidad,,2016,26/12/2016 10:50:55 a.m.,INFORMATICA;,30-71172314-1,Patagoniansys,450-1025-OC16,Original,3680514.8,Peso Argentino,Proceso de Compra
450-0007-CPR16,450,450/000 - Dirección General de Administración y Finanzas,450,450/000 - Dirección General de Administración y Finanzas,450/000 - Dirección General de Administración y Finanzas,Concurso Privado,Sin Modalidad,,2016,21/12/2016 03:36:04 p.m.,INFORMATICA;,30-71284460-0,Sistemas Pucará SRL,450-1020-OC16,Original,2100000.0,Peso Argentino,Proceso de Compra
450-0008-CPR16,450,450/000 - Dirección General de Administración y Finanzas,450,450/000 - Dirección General de Administración y Finanzas,450/000 - Dirección General de Administración y Finanzas,Concurso Privado,Sin Modalidad,,2016,27/12/2016 03:32:03 p.m.,INFORMATICA;,30-71284460-0,Sistemas Pucará SRL,450-1022-OC16,Original,4840000.0,Peso Argentino,Proceso de Compra
450-0008-CPR16,450,450/000 - Dirección General de Administración y Finanzas,450,450/000 - Dirección General de Administración y Finanzas,450/000 - Dirección General de Administración y Finanzas,Concurso Privado,Sin Modalidad,,2016,27/12/2016 03:32:03 p.m.,INFORMATICA;,30-71284460-0,Sistemas Pucará SRL,450-1044-OC17,Ampliación,968000.0,Peso Argentino,Proceso de Compra
450-0008-CPU16,450,450/000 - Dirección General de Administración y Finanzas,450,450/000 - Dirección General de Administración y Finanzas,450/000 - Dirección General de Administración y Finanzas,Concurso Público,Sin Modalidad,,2016,22/12/2016 06:13:14 p.m.,INFORMATICA;,33-67724820-9,COMPLUS SA,450-1017-OC16,Original,2196000.0,Peso Argentino,Proceso de Compra
450-0009-LPR16,450,450/000 - Dirección General de Administración y Finanzas,450,450/000 - Dirección General de Administración y Finanzas,450/000 - Dirección General de Administración y Finanzas,Licitacion Privada,Sin Modalidad,,2016,15/11/2016 02:58:16 p.m.,INFORMATICA;SERV. PROFESIONAL Y COMERCIAL;,30-71052163-4,blue patagon srl,450-1004-OC16,Original,2117548.4,Peso Argentino,Proceso de Compra
450-0010-CPR16,450,450/000 - Dirección General de Administración y Finanzas,450,450/000 - Dirección General de Administración y Finanzas,450/000 - Dirección General de Administración y Finanzas,Concurso Privado,Sin Modalidad,,2016,27/12/2016 04:17:39 p.m.,INFORMATICA;SERV. PROFESIONAL Y COMERCIAL;,30-70955349-2,BHP S.A.,450-1024-OC16,Original,4267766.0,Peso Argentino,Proceso de Compra
450-0010-LPR16,450,450/000 - Dirección General de Administración y Finanzas,450,450/000 - Dirección General de Administración y Finanzas,450/000 - Dirección General de Administración y Finanzas,Licitacion Privada,Sin Modalidad,,2016,17/11/2016 05:00:51 p.m.,INFORMATICA;SERV. PROFESIONAL Y COMERCIAL;,30-70996194-9,ASSERT SOLUTIONS SRL,450-1007-OC16,Original,1318101.4,Peso Argentino,Proceso de Compra
450-0011-CPR16,450,450/000 - Dirección General de Administración y Finanzas,450,450/000 - Dirección General de Administración y Finanzas,450/000 - Dirección General de Administración y Finanzas,Concurso Privado,Sin Modalidad,,2016,22/12/2016 12:18:43 p.m.,SERV. PROFESIONAL Y COMERCIAL;,30-71181901-7,Devartis S.A.,450-1027-OC16,Original,622056.0,Peso Argentino,Proceso de Compra
450-0011-CPR16,450,450/000 - Dirección General de Administración y Finanzas,450,450/000 - Dirección General de Administración y Finanzas,450/000 - Dirección General de Administración y Finanzas,Concurso Privado,Sin Modalidad,,2016,22/12/2016 12:18:43 p.m.,SERV. PROFESIONAL Y COMERCIAL;,30-71181901-7,Devartis S.A.,450-1106-OC17,Ampliación,217719.6,Peso Argentino,Proceso de Compra
450-0012-CPU16,450,450/000 - Dirección General de Administración y Finanzas,450,450/000 - Dirección General de Administración y Finanzas,450/000 - Dirección General de Administración y Finanzas,Concurso Público,Sin Modalidad,,2016,28/12/2016 12:54:23 p.m.,EQUIPOS;,30-70714639-3,SYSTEMNET S.A.,450-1016-OC17,Ampliación,1194330.0,Peso Argentino,Proceso de Compra
450-0012-CPU16,450,450/000 - Dirección General de Administración y Finanzas,450,450/000 - Dirección General de Administración y Finanzas,450/000 - Dirección General de Administración y Finanzas,Concurso Público,Sin Modalidad,,2016,28/12/2016 12:54:23 p.m.,EQUIPOS;,30-70714639-3,SYSTEMNET S.A.,450-1030-OC16,Original,5971650.0,Peso Argentino,Proceso de Compra
450-0012-LPR16,450,450/000 - Dirección General de Administración y Finanzas,450,450/000 - Dirección General de Administración y Finanzas,450/000 - Dirección General de Administración y Finanzas,Licitacion Privada,Sin Modalidad,,2016,28/12/2016 12:14:08 p.m.,INFORMATICA;SERV. PROFESIONAL Y COMERCIAL;,30-71032652-1,Datalytics ,450-1028-OC16,Original,1450000.0,Peso Argentino,Proceso de Compra
450-0012-LPR16,450,450/000 - Dirección General de Administración y Finanzas,450,450/000 - Dirección General de Administración y Finanzas,450/000 - Dirección General de Administración y Finanzas,Licitacion Privada,Sin Modalidad,,2016,28/12/2016 12:14:08 p.m.,INFORMATICA;SERV. PROFESIONAL Y COMERCIAL;,30-71032652-1,Datalytics ,450-1107-OC17,Ampliación,241921.4,Peso Argentino,Proceso de Compra
450-0014-CPU16,450,450/000 - Dirección General de Administración y Finanzas,450,450/000 - Dirección General de Administración y Finanzas,450/000 - Dirección General de Administración y Finanzas,Concurso Público,Sin Modalidad,,2016,29/12/2016 06:04:05 p.m.,INFORMATICA;,30-70202483-4,Datastar Argentina S.A.,450-1032-OC16,Original,2816190.84,Peso Argentino,Proceso de Compra
450-0015-CPR16,450,450/000 - Dirección General de Administración y Finanzas,450,450/000 - Dirección General de Administración y Finanzas,450/000 - Dirección General de Administración y Finanzas,Concurso Privado,Sin Modalidad,,2016,27/12/2016 03:59:24 p.m.,INFORMATICA;SERV. PROFESIONAL Y COMERCIAL;,30-70709936-0,Everis Argentina S.A,450-1023-OC16,Original,2946175.0,Peso Argentino,Proceso de Compra
450-0015-CPU16,450,450/000 - Dirección General de Administración y Finanzas,450,450/000 - Dirección General de Administración y Finanzas,450/000 - Dirección General de Administración y Finanzas,Concurso Público,Sin Modalidad,,2016,20/12/2016 10:35:32 a.m.,INFORMATICA;SERV. PROFESIONAL Y COMERCIAL;,30-62337308-4,C&S informática s.a.,450-1015-OC16,Original,13650000.0,Peso Argentino,Proceso de Compra
450-0015-LPU16,450,450/000 - Dirección General de Administración y Finanzas,450,450/000 - Dirección General de Administración y Finanzas,450/000 - Dirección General de Administración y Finanzas,Licitacion Pública,Sin Modalidad,,2016,29/12/2016 06:13:11 p.m.,INFORMATICA;,30-71036221-8,Licenciasonline SA,450-1033-OC16,Original,20251798.14,Peso Argentino,Proceso de Compra
450-0017-CPR16,450,450/000 - Dirección General de Administración y Finanzas,450,450/000 - Dirección General de Administración y Finanzas,450/000 - Dirección General de Administración y Finanzas,Concurso Privado,Sin Modalidad,,2016,14/12/2016 09:57:00 a.m.,SERV. PROFESIONAL Y COMERCIAL;,33-71040560-9,Newlink Argentina SRL,450-1026-OC16,Original,1200000.0,Peso Argentino,Proceso de Compra
450-0020-CPR16,450,450/000 - Dirección General de Administración y Finanzas,450,450/000 - Dirección General de Administración y Finanzas,450/000 - Dirección General de Administración y Finanzas,Concurso Privado,Sin Modalidad,,2016,22/11/2016 10:16:08 a.m.,SERV. PROFESIONAL Y COMERCIAL;,30-71227805-2,LABCOM S.A.,450-1011-OC16,Original,1206000.0,Peso Argentino,Proceso de Compra
450-0021-LPU16,450,450/000 - Dirección General de Administración y Finanzas,450,450/000 - Dirección General de Administración y Finanzas,450/000 - Dirección General de Administración y Finanzas,Licitacion Pública,Sin Modalidad,,2016,18/11/2016 04:50:58 p.m.,INFORMATICA;,30-70174960-6,NEXSYS ARGENTINA SA,450-1010-OC16,Original,8640000.0,Peso Argentino,Proceso de Compra
450-0022-LPU16,450,450/000 - Dirección General de Administración y Finanzas,450,450/000 - Dirección General de Administración y Finanzas,450/000 - Dirección General de Administración y Finanzas,Licitacion Pública,Sin Modalidad,,2016,06/12/2016 06:03:22 p.m.,INFORMATICA;,30-70846771-1,Sales Vision Argentina SA,450-1012-OC16,Original,24567206.0,Peso Argentino,Proceso de Compra
450-0025-CDI16,450,450/000 - Dirección General de Administración y Finanzas,450,450/000 - Dirección General de Administración y Finanzas,450/000 - Dirección General de Administración y Finanzas,Contratación Directa,Sin Modalidad,Apartado 1: Compulsa Abreviada Por Monto,2016,28/12/2016 12:21:30 p.m.,INFORMATICA;,30-71487135-4,Impacto Social Positivo AC S.A.,450-1029-OC16,Original,1300000.0,Peso Argentino,Proceso de Compra
450-0030-CDI16,450,450/000 - Dirección General de Administración y Finanzas,450,450/000 - Dirección General de Administración y Finanzas,450/000 - Dirección General de Administración y Finanzas,Contratación Directa,Sin Modalidad,Apartado 1: Compulsa Abreviada Por Monto,2016,15/12/2016 12:31:04 p.m.,INFORMATICA;,30-71091312-5,SMARTLEDGE S.A.,450-1014-OC16,Original,200000.0,Peso Argentino,Proceso de Compra
450-0030-LPU16,450,450/000 - Dirección General de Administración y Finanzas,450,450/000 - Dirección General de Administración y Finanzas,450/000 - Dirección General de Administración y Finanzas,Licitacion Pública,Sin Modalidad,,2016,29/12/2016 05:52:54 p.m.,INFORMATICA;,30-70202483-4,Datastar Argentina S.A.,450-1031-OC16,Original,51999988.0,Peso Argentino,Proceso de Compra
450-0032-CDI16,450,450/000 - Dirección General de Administración y Finanzas,450,450/000 - Dirección General de Administración y Finanzas,450/000 - Dirección General de Administración y Finanzas,Contratación Directa,Sin Modalidad,Apartado 1: Compulsa Abreviada Por Monto,2016,26/09/2016 05:21:03 p.m.,SERV. PROFESIONAL Y COMERCIAL;,20-31085775-1,Pablo Martin de la Cruz,450-1000-OC16,Original,1220000.0,Peso Argentino,Proceso de Compra
450-0033-CDI16,450,450/000 - Dirección General de Administración y Finanzas,450,450/000 - Dirección General de Administración y Finanzas,450/000 - Dirección General de Administración y Finanzas,Contratación Directa,Sin Modalidad,Apartado 1: Compulsa Abreviada Por Monto,2016,15/11/2016 03:01:44 p.m.,FERRETERIA;LIBRERIA;PAP. Y UTILES OFICINA;PINTURAS;QUIMICOS;,30-68907011-2,ACUARELA SRL,450-1005-OC16,Original,37920.0,Peso Argentino,Proceso de Compra
450-0033-CDI16,450,450/000 - Dirección General de Administración y Finanzas,450,450/000 - Dirección General de Administración y Finanzas,450/000 - Dirección General de Administración y Finanzas,Contratación Directa,Sin Modalidad,Apartado 1: Compulsa Abreviada Por Monto,2016,15/11/2016 03:01:44 p.m.,FERRETERIA;LIBRERIA;PAP. Y UTILES OFICINA;PINTURAS;QUIMICOS;,30-71150036-3,LICICOM S.R.L.,450-1006-OC16,Original,49968.2,Peso Argentino,Proceso de Compra
450-0036-CDI16,450,450/000 - Dirección General de Administración y Finanzas,450,450/000 - Dirección General de Administración y Finanzas,450/000 - Dirección General de Administración y Finanzas,Contratación Directa,Sin Modalidad,Apartado 1: Compulsa Abreviada Por Monto,2016,26/12/2016 12:57:48 p.m.,INFORMATICA;,30-70714639-3,SYSTEMNET S.A.,450-1019-OC16,Original,155041.48,Peso Argentino,Proceso de Compra
450-0038-CDI16,450,450/000 - Dirección General de Administración y Finanzas,450,450/000 - Dirección General de Administración y Finanzas,450/000 - Dirección General de Administración y Finanzas,Contratación Directa,Sin Modalidad,Apartado 3: Adjudicación Simple por Exclusividad,2016,26/10/2016 11:01:02 a.m.,ALQUILER;,33-63769908-9,GUADALQUIVIR S.A,450-1003-CON16,Original,3709980.0,Peso Argentino,Proceso de Compra
450-0044-CDI16,450,450/000 - Dirección General de Administración y Finanzas,450,450/000 - Dirección General de Administración y Finanzas,450/000 - Dirección General de Administración y Finanzas,Contratación Directa,Sin Modalidad,Apartado 1: Compulsa Abreviada Por Monto,2016,22/12/2016 05:33:57 p.m.,SERV. PROFESIONAL Y COMERCIAL;,30-71126035-4,Matrice Consulting srl,450-1016-OC16,Original,1294000.0,Peso Argentino,Proceso de Compra
450-0046-CDI16,450,450/000 - Dirección General de Administración y Finanzas,450,450/000 - Dirección General de Administración y Finanzas,450/000 - Dirección General de Administración y Finanzas,Contratación Directa,Sin Modalidad,Apartado 3: Adjudicación Simple por Exclusividad,2016,01/11/2016 04:17:54 p.m.,SERV. PROFESIONAL Y COMERCIAL;,30-56824658-2,CONGRESOS INTERNACIONALES S.A.,450-1001-OC16,Original,3750000.0,Peso Argentino,Proceso de Compra
452-0030-CDI16,452,452/000 - Dirección General de Administración y Finanzas - MEM,452,452/000 - Dirección General de Administración y Finanzas - MEM,452/000 - Dirección General de Administración y Finanzas - MEM,Contratación Directa,Sin Modalidad,Apartado 9: Adjudicación Simple con Universidades Nacionales,2016,15/12/2016 01:49:44 p.m.,SERV. PROFESIONAL Y COMERCIAL;,30-54666670-7,UNIVERSIDAD NACIONAL DE LA PLATA ,452-1001-CON16,Original,106123255.0,Peso Argentino,Proceso de Compra
452-0032-CDI16,452,452/000 - Dirección General de Administración y Finanzas - MEM,452,452/000 - Dirección General de Administración y Finanzas - MEM,452/000 - Dirección General de Administración y Finanzas - MEM,Contratación Directa,Sin Modalidad,Apartado 3: Adjudicación Simple por Exclusividad,2016,05/12/2016 12:27:27 p.m.,ALQUILER;,20-04396775-5,Roman Guillermo Jauregui,452-1000-OC16,Original,4068675.0,Peso Argentino,Proceso de Compra
452-0036-CDI16,452,452/000 - Dirección General de Administración y Finanzas - MEM,452,452/000 - Dirección General de Administración y Finanzas - MEM,452/000 - Dirección General de Administración y Finanzas - MEM,Contratación Directa,Sin Modalidad,Apartado 3: Adjudicación Simple por Exclusividad,2016,29/12/2016 02:16:43 p.m.,INFORMATICA;,581,KanORS-EMR,452-1002-OC16,Original,18200.0,Dolar Estadounidense,Proceso de Compra
453-0001-LPR16,453,453/000 - Dirección General de Administración - MCO,453,453/000 - Dirección General de Administración - MCO,453/000 - Dirección General de Administración - MCO,Licitacion Privada,Sin Modalidad,,2016,22/12/2016 05:20:12 p.m.,INFORMATICA;,30-57960755-2,EXO SA,453-1003-OC16,Original,1379924.0,Peso Argentino,Proceso de Compra
453-0001-LPR16,453,453/000 - Dirección General de Administración - MCO,453,453/000 - Dirección General de Administración - MCO,453/000 - Dirección General de Administración - MCO,Licitacion Privada,Sin Modalidad,,2016,22/12/2016 05:20:12 p.m.,INFORMATICA;,30-71425272-7,Hogarstyle S.A.,453-1004-OC16,Original,450000.0,Peso Argentino,Proceso de Compra
453-0001-LPR16,453,453/000 - Dirección General de Administración - MCO,453,453/000 - Dirección General de Administración - MCO,453/000 - Dirección General de Administración - MCO,Licitacion Privada,Sin Modalidad,,2016,22/12/2016 05:20:12 p.m.,INFORMATICA;,33-71103754-9,DOCUMENT CONSULTING S.A.,453-1005-OC16,Original,200820.0,Peso Argentino,Proceso de Compra
453-0001-LPU16,453,453/000 - Dirección General de Administración - MCO,453,453/000 - Dirección General de Administración - MCO,453/000 - Dirección General de Administración - MCO,Licitacion Pública,Sin Modalidad,,2016,30/12/2016 05:04:24 p.m.,SERV. PROFESIONAL Y COMERCIAL;,30-70704139-7,AUTOFRANCE S.A.,453-1015-OC16,Original,4852201.04,Peso Argentino,Proceso de Compra
453-0011-CDI16,453,453/000 - Dirección General de Administración - MCO,453,453/000 - Dirección General de Administración - MCO,453/000 - Dirección General de Administración - MCO,Contratación Directa,Sin Modalidad,Apartado 1: Compulsa Abreviada Por Monto,2016,22/12/2016 07:36:46 p.m.,EQUIPO DE OFICINA Y MUEBLES;EQUIPOS;INFORMATICA;LIBRERIA;PAP. Y UTILES OFICINA;,20-07794444-4,americo roldan,453-1009-OC16,Original,60000.0,Peso Argentino,Proceso de Compra
453-0011-CDI16,453,453/000 - Dirección General de Administración - MCO,453,453/000 - Dirección General de Administración - MCO,453/000 - Dirección General de Administración - MCO,Contratación Directa,Sin Modalidad,Apartado 1: Compulsa Abreviada Por Monto,2016,22/12/2016 07:36:46 p.m.,EQUIPO DE OFICINA Y MUEBLES;EQUIPOS;INFORMATICA;LIBRERIA;PAP. Y UTILES OFICINA;,20-20878678-5,victor hugo rubinich,453-1008-OC16,Original,15160.88,Peso Argentino,Proceso de Compra
453-0011-CDI16,453,453/000 - Dirección General de Administración - MCO,453,453/000 - Dirección General de Administración - MCO,453/000 - Dirección General de Administración - MCO,Contratación Directa,Sin Modalidad,Apartado 1: Compulsa Abreviada Por Monto,2016,22/12/2016 07:36:46 p.m.,EQUIPO DE OFICINA Y MUEBLES;EQUIPOS;INFORMATICA;LIBRERIA;PAP. Y UTILES OFICINA;,30-59126775-9,ERRE-DE SRL,453-1007-OC16,Original,68315.6,Peso Argentino,Proceso de Compra
453-0011-CDI16,453,453/000 - Dirección General de Administración - MCO,453,453/000 - Dirección General de Administración - MCO,453/000 - Dirección General de Administración - MCO,Contratación Directa,Sin Modalidad,Apartado 1: Compulsa Abreviada Por Monto,2016,22/12/2016 07:36:46 p.m.,EQUIPO DE OFICINA Y MUEBLES;EQUIPOS;INFORMATICA;LIBRERIA;PAP. Y UTILES OFICINA;,30-70748071-4,M. B. G. COMERCIAL S. R. L. ,453-1006-OC16,Original,194397.8,Peso Argentino,Proceso de Compra
453-0012-CDI16,453,453/000 - Dirección General de Administración - MCO,453,453/000 - Dirección General de Administración - MCO,453/000 - Dirección General de Administración - MCO,Contratación Directa,Sin Modalidad,Apartado 1: Compulsa Abreviada Por Monto,2016,24/11/2016 01:40:36 p.m.,EQUIPO DE OFICINA Y MUEBLES;,20-18507057-4,Ruben Claudio Loisi,453-1000-OC16,Original,47100.0,Peso Argentino,Proceso de Compra
453-0013-CDI16,453,453/000 - Dirección General de Administración - MCO,453,453/000 - Dirección General de Administración - MCO,453/000 - Dirección General de Administración - MCO,Contratación Directa,Sin Modalidad,Apartado 1: Compulsa Abreviada Por Monto,2016,29/12/2016 05:10:48 p.m.,EQUIPOS;LIBRERIA;PAP. Y UTILES OFICINA;QUIMICOS;,20-16891153-0,raúl alejandro gonzalez,453-1013-OC16,Original,52300.0,Peso Argentino,Proceso de Compra
453-0013-CDI16,453,453/000 - Dirección General de Administración - MCO,453,453/000 - Dirección General de Administración - MCO,453/000 - Dirección General de Administración - MCO,Contratación Directa,Sin Modalidad,Apartado 1: Compulsa Abreviada Por Monto,2016,29/12/2016 05:10:48 p.m.,EQUIPOS;LIBRERIA;PAP. Y UTILES OFICINA;QUIMICOS;,30-71515697-7,Grafito SRL,453-1000-OC17,Ampliación,18400.0,Peso Argentino,Proceso de Compra
453-0013-CDI16,453,453/000 - Dirección General de Administración - MCO,453,453/000 - Dirección General de Administración - MCO,453/000 - Dirección General de Administración - MCO,Contratación Directa,Sin Modalidad,Apartado 1: Compulsa Abreviada Por Monto,2016,29/12/2016 05:10:48 p.m.,EQUIPOS;LIBRERIA;PAP. Y UTILES OFICINA;QUIMICOS;,30-71515697-7,Grafito SRL,453-1012-OC16,Original,92000.0,Peso Argentino,Proceso de Compra
453-0013-CDI16,453,453/000 - Dirección General de Administración - MCO,453,453/000 - Dirección General de Administración - MCO,453/000 - Dirección General de Administración - MCO,Contratación Directa,Sin Modalidad,Apartado 1: Compulsa Abreviada Por Monto,2016,29/12/2016 05:10:48 p.m.,EQUIPOS;LIBRERIA;PAP. Y UTILES OFICINA;QUIMICOS;,33-71023788-9,MEDIA TRADERS S.A.,453-1011-OC16,Original,315688.36,Peso Argentino,Proceso de Compra
453-0015-CDI16,453,453/000 - Dirección General de Administración - MCO,453,453/000 - Dirección General de Administración - MCO,453/000 - Dirección General de Administración - MCO,Contratación Directa,Sin Modalidad,Apartado 3: Adjudicación Simple por Exclusividad,2016,30/12/2016 10:06:04 a.m.,CEREMONIAL;,30-69218831-0,SOUTH CONVENTION CENTER S.A.,453-1014-OC16,Original,23257718.9,Peso Argentino,Proceso de Compra
453-0016-CDI16,453,453/000 - Dirección General de Administración - MCO,453,453/000 - Dirección General de Administración - MCO,453/000 - Dirección General de Administración - MCO,Contratación Directa,Sin Modalidad,Apartado 3: Adjudicación Simple por Exclusividad,2016,20/12/2016 12:29:12 p.m.,INFORMATICA;,30-71144673-3,SoftwareONE Argentina S.R.L.,453-1002-OC16,Original,405625.0,Peso Argentino,Proceso de Compra
453-0017-CDI16,453,453/000 - Dirección General de Administración - MCO,453,453/000 - Dirección General de Administración - MCO,453/000 - Dirección General de Administración - MCO,Contratación Directa,Sin Modalidad,Apartado 3: Adjudicación Simple por Exclusividad,2016,20/12/2016 12:30:51 p.m.,SERV. PROFESIONAL Y COMERCIAL;,30-50010631-6,LA LEY SOCIEDAD ANONIMA; EDITORA E IMPRESORA,453-1001-OC16,Original,343219.29,Peso Argentino,Proceso de Compra
453-0018-CDI16,453,453/000 - Dirección General de Administración - MCO,453,453/000 - Dirección General de Administración - MCO,453/000 - Dirección General de Administración - MCO,Contratación Directa,Sin Modalidad,Apartado 8: Adjudicación Simple Interadministrativa,2016,29/12/2016 03:24:16 p.m.,VIGILANCIA Y SEGURIDAD;,30-62405191-9,POLICIA FEDERAL ARGENTINA,453-1010-OC16,Original,5492520.0,Peso Argentino,Proceso de Compra
76-0021-CDI16,76,76/000 - Gerencia de Administración y Finanzas - SIGEN,76,76/000 - Gerencia de Administración y Finanzas - SIGEN,76/000 - Gerencia de Administración y Finanzas - SIGEN,Contratación Directa,Sin Modalidad,Apartado 1: Compulsa Abreviada Por Monto,2016,29/12/2016 05:30:17 p.m.,EQUIPO DE OFICINA Y MUEBLES;,30-71006955-3,PRODMOBI SA,76-1016-OC16,Original,275580.0,Peso Argentino,Proceso de Compra
76-0022-CDI16,76,76/000 - Gerencia de Administración y Finanzas - SIGEN,76,76/000 - Gerencia de Administración y Finanzas - SIGEN,76/000 - Gerencia de Administración y Finanzas - SIGEN,Contratación Directa,Sin Modalidad,Apartado 1: Compulsa Abreviada Por Monto,2016,26/12/2016 03:41:25 p.m.,LIBRERIA;PAP. Y UTILES OFICINA;,30-61842898-9,VISAPEL S.A.,76-1001-OC16,Original,17790.0,Peso Argentino,Proceso de Compra
76-0023-CDI16,76,76/000 - Gerencia de Administración y Finanzas - SIGEN,76,76/000 - Gerencia de Administración y Finanzas - SIGEN,76/000 - Gerencia de Administración y Finanzas - SIGEN,Contratación Directa,Sin Modalidad,Apartado 8: Adjudicación Simple Interadministrativa,2016,19/12/2016 04:40:52 p.m.,BANCOS Y SEGUROS;,30-52750816-5,Provincia Seguros,76-1000-CON16,Original,191170.64,Peso Argentino,Proceso de Compra
76-0024-CDI16,76,76/000 - Gerencia de Administración y Finanzas - SIGEN,76,76/000 - Gerencia de Administración y Finanzas - SIGEN,76/000 - Gerencia de Administración y Finanzas - SIGEN,Contratación Directa,Sin Modalidad,Apartado 1: Compulsa Abreviada Por Monto,2016,29/12/2016 06:06:00 p.m.,LIBRERIA;PAP. Y UTILES OFICINA;,30-50125030-5,Ledesma Sociedad Anonima Agricola Industrial,76-1017-OC16,Original,209346.0,Peso Argentino,Proceso de Compra
76-0024-CDI16,76,76/000 - Gerencia de Administración y Finanzas - SIGEN,76,76/000 - Gerencia de Administración y Finanzas - SIGEN,76/000 - Gerencia de Administración y Finanzas - SIGEN,Contratación Directa,Sin Modalidad,Apartado 1: Compulsa Abreviada Por Monto,2016,29/12/2016 06:06:00 p.m.,LIBRERIA;PAP. Y UTILES OFICINA;,30-65631926-3,ESTRAME S.A,76-1018-OC16,Original,28350.0,Peso Argentino,Proceso de Compra
76-0028-CDI16,76,76/000 - Gerencia de Administración y Finanzas - SIGEN,76,76/000 - Gerencia de Administración y Finanzas - SIGEN,76/000 - Gerencia de Administración y Finanzas - SIGEN,Contratación Directa,Sin Modalidad,Apartado 1: Compulsa Abreviada Por Monto,2016,29/12/2016 02:45:47 p.m.,LIBRERIA;PAP. Y UTILES OFICINA;,30-70954722-0,Lc Global SRL,76-1009-OC16,Original,82389.0,Peso Argentino,Proceso de Compra
76-0028-CDI16,76,76/000 - Gerencia de Administración y Finanzas - SIGEN,76,76/000 - Gerencia de Administración y Finanzas - SIGEN,76/000 - Gerencia de Administración y Finanzas - SIGEN,Contratación Directa,Sin Modalidad,Apartado 1: Compulsa Abreviada Por Monto,2016,29/12/2016 02:45:47 p.m.,LIBRERIA;PAP. Y UTILES OFICINA;,30-70958734-6,LIBRERIA INTEGRAL MAYA S.A,76-1010-OC16,Original,4958.38,Peso Argentino,Proceso de Compra
76-0028-CDI16,76,76/000 - Gerencia de Administración y Finanzas - SIGEN,76,76/000 - Gerencia de Administración y Finanzas - SIGEN,76/000 - Gerencia de Administración y Finanzas - SIGEN,Contratación Directa,Sin Modalidad,Apartado 1: Compulsa Abreviada Por Monto,2016,29/12/2016 02:45:47 p.m.,LIBRERIA;PAP. Y UTILES OFICINA;,30-71082860-8,INFORMÁTICA PALMAR SRL,76-1011-OC16,Original,10248.0,Peso Argentino,Proceso de Compra
76-0029-CDI16,76,76/000 - Gerencia de Administración y Finanzas - SIGEN,76,76/000 - Gerencia de Administración y Finanzas - SIGEN,76/000 - Gerencia de Administración y Finanzas - SIGEN,Contratación Directa,Sin Modalidad,Apartado 1: Compulsa Abreviada Por Monto,2016,29/12/2016 06:06:47 p.m.,ELEMENTOS DE LIMPIEZA;FERRETERIA;LIBRERIA;PAP. Y UTILES OFICINA;PINTURAS;,30-68907011-2,ACUARELA SRL,76-1020-OC16,Original,17031.0,Peso Argentino,Proceso de Compra
76-0029-CDI16,76,76/000 - Gerencia de Administración y Finanzas - SIGEN,76,76/000 - Gerencia de Administración y Finanzas - SIGEN,76/000 - Gerencia de Administración y Finanzas - SIGEN,Contratación Directa,Sin Modalidad,Apartado 1: Compulsa Abreviada Por Monto,2016,29/12/2016 06:06:47 p.m.,ELEMENTOS DE LIMPIEZA;FERRETERIA;LIBRERIA;PAP. Y UTILES OFICINA;PINTURAS;,30-71154458-1,Trigemios S.R.L,76-1019-OC16,Original,5460.0,Peso Argentino,Proceso de Compra
76-0030-CDI16,76,76/000 - Gerencia de Administración y Finanzas - SIGEN,76,76/000 - Gerencia de Administración y Finanzas - SIGEN,76/000 - Gerencia de Administración y Finanzas - SIGEN,Contratación Directa,Sin Modalidad,Apartado 1: Compulsa Abreviada Por Monto,2016,29/12/2016 03:45:18 p.m.,HERRAMIENTAS;INFORMATICA;LIBRERIA;PAP. Y UTILES OFICINA;,23-10534864-9,DANIEL RAMON CASTRO,76-1014-OC16,Original,4662.4,Peso Argentino,Proceso de Compra
76-0030-CDI16,76,76/000 - Gerencia de Administración y Finanzas - SIGEN,76,76/000 - Gerencia de Administración y Finanzas - SIGEN,76/000 - Gerencia de Administración y Finanzas - SIGEN,Contratación Directa,Sin Modalidad,Apartado 1: Compulsa Abreviada Por Monto,2016,29/12/2016 03:45:18 p.m.,HERRAMIENTAS;INFORMATICA;LIBRERIA;PAP. Y UTILES OFICINA;,30-61842898-9,VISAPEL S.A.,76-1012-OC16,Original,59649.1,Peso Argentino,Proceso de Compra
76-0030-CDI16,76,76/000 - Gerencia de Administración y Finanzas - SIGEN,76,76/000 - Gerencia de Administración y Finanzas - SIGEN,76/000 - Gerencia de Administración y Finanzas - SIGEN,Contratación Directa,Sin Modalidad,Apartado 1: Compulsa Abreviada Por Monto,2016,29/12/2016 03:45:18 p.m.,HERRAMIENTAS;INFORMATICA;LIBRERIA;PAP. Y UTILES OFICINA;,30-70748071-4,M. B. G. COMERCIAL S. R. L. ,76-1013-OC16,Original,42630.8,Peso Argentino,Proceso de Compra
76-0031-CDI16,76,76/000 - Gerencia de Administración y Finanzas - SIGEN,76,76/000 - Gerencia de Administración y Finanzas - SIGEN,76/000 - Gerencia de Administración y Finanzas - SIGEN,Contratación Directa,Sin Modalidad,Apartado 1: Compulsa Abreviada Por Monto,2016,28/12/2016 07:22:22 p.m.,BAZAR Y MENAJE;,33-56160095-9,Rognoni y CIA SA,76-1008-OC16,Original,54084.0,Peso Argentino,Proceso de Compra
76-0033-CDI16,76,76/000 - Gerencia de Administración y Finanzas - SIGEN,76,76/000 - Gerencia de Administración y Finanzas - SIGEN,76/000 - Gerencia de Administración y Finanzas - SIGEN,Contratación Directa,Sin Modalidad,Apartado 1: Compulsa Abreviada Por Monto,2016,26/12/2016 05:38:46 p.m.,CARPINTERIA;MATERIALES DE CONSTRUCCION;,30-71053952-5,LATAM NET S.R.L.,76-1002-OC16,Original,30987.0,Peso Argentino,Proceso de Compra
76-0035-CDI16,76,76/000 - Gerencia de Administración y Finanzas - SIGEN,76,76/000 - Gerencia de Administración y Finanzas - SIGEN,76/000 - Gerencia de Administración y Finanzas - SIGEN,Contratación Directa,Sin Modalidad,Apartado 1: Compulsa Abreviada Por Monto,2016,27/12/2016 11:16:05 a.m.,SERVICIO DE NOTICIAS;,33-66341994-9,Ejes S.A.,76-1003-OC16,Original,54000.0,Peso Argentino,Proceso de Compra
76-0035-CDI16,76,76/000 - Gerencia de Administración y Finanzas - SIGEN,76,76/000 - Gerencia de Administración y Finanzas - SIGEN,76/000 - Gerencia de Administración y Finanzas - SIGEN,Contratación Directa,Sin Modalidad,Apartado 1: Compulsa Abreviada Por Monto,2016,27/12/2016 11:16:05 a.m.,SERVICIO DE NOTICIAS;,33-66341994-9,Ejes S.A.,76-1044-OC17,Prórroga,54000.0,Peso Argentino,Proceso de Compra
76-0036-CDI16,76,76/000 - Gerencia de Administración y Finanzas - SIGEN,76,76/000 - Gerencia de Administración y Finanzas - SIGEN,76/000 - Gerencia de Administración y Finanzas - SIGEN,Contratación Directa,Sin Modalidad,Apartado 3: Adjudicación Simple por Exclusividad,2016,28/12/2016 05:01:23 p.m.,SERV. PROFESIONAL Y COMERCIAL;,30-69351053-4,INTEROP S.A.,76-1004-OC16,Original,50560.0,Peso Argentino,Proceso de Compra
76-0038-CDI16,76,76/000 - Gerencia de Administración y Finanzas - SIGEN,76,76/000 - Gerencia de Administración y Finanzas - SIGEN,76/000 - Gerencia de Administración y Finanzas - SIGEN,Contratación Directa,Sin Modalidad,Apartado 3: Adjudicación Simple por Exclusividad,2016,29/12/2016 03:55:40 p.m.,SERVICIOS BASICOS;,30-62845551-8,Nosis Laboratorio de Investigación y Desarrollo S.A.,76-1015-OC16,Original,54871.08,Peso Argentino,Proceso de Compra
76-0039-CDI16,76,76/000 - Gerencia de Administración y Finanzas - SIGEN,76,76/000 - Gerencia de Administración y Finanzas - SIGEN,76/000 - Gerencia de Administración y Finanzas - SIGEN,Contratación Directa,Sin Modalidad,Apartado 3: Adjudicación Simple por Exclusividad,2016,28/12/2016 05:43:54 p.m.,INFORMATICA;,30-70746268-6,BLUESTORE SRL,76-1005-OC16,Original,82197.72,Peso Argentino,Proceso de Compra
79-0011-LPR16,79,79/000 - Dirección General Técnico - Administrativa - JGM,79,79/000 - Dirección General Técnico - Administrativa - JGM,79/000 - Dirección General Técnico - Administrativa - JGM,Licitacion Privada,Orden de Compra Abierta,,2016,01/12/2016 03:43:10 p.m.,ALIMENTOS;,30656088636,MAFARAM SRL,79-0001-OCA16,SPR,1680000.0,Peso Argentino,Proceso de Compra
79-0013-LPR16,79,79/000 - Dirección General Técnico - Administrativa - JGM,79,79/000 - Dirección General Técnico - Administrativa - JGM,79/000 - Dirección General Técnico - Administrativa - JGM,Licitacion Privada,Sin Modalidad,,2016,20/12/2016 02:52:01 p.m.,SERV. PROFESIONAL Y COMERCIAL;,30-71085070-0,GSMP S.A.,79-1009-OC16,Original,3440000.0,Peso Argentino,Proceso de Compra
79-0013-LPR16,79,79/000 - Dirección General Técnico - Administrativa - JGM,79,79/000 - Dirección General Técnico - Administrativa - JGM,79/000 - Dirección General Técnico - Administrativa - JGM,Licitacion Privada,Sin Modalidad,,2016,20/12/2016 02:52:01 p.m.,SERV. PROFESIONAL Y COMERCIAL;,30-71085070-0,GSMP S.A.,79-1057-OC17,Ampliación,1204000.0,Peso Argentino,Proceso de Compra
79-0015-LPR16,79,79/000 - Dirección General Técnico - Administrativa - JGM,79,79/000 - Dirección General Técnico - Administrativa - JGM,79/000 - Dirección General Técnico - Administrativa - JGM,Licitacion Privada,Orden de Compra Abierta,,2016,20/12/2016 02:00:07 p.m.,CEREMONIAL;EQUIPO DE OFICINA Y MUEBLES;EQUIPOS;IMPRENTA Y EDITORIALES;INDUMENT TEXTIL Y CONFECCIONES;,30710186770,PLOTEOS SRL,79-0002-OCA16,SPR,3647120.0,Peso Argentino,Proceso de Compra
79-0031-CDI16,79,79/000 - Dirección General Técnico - Administrativa - JGM,79,79/000 - Dirección General Técnico - Administrativa - JGM,79/000 - Dirección General Técnico - Administrativa - JGM,Contratación Directa,Sin Modalidad,Apartado 3: Adjudicación Simple por Exclusividad,2016,06/12/2016 01:11:09 p.m.,SERVICIO DE NOTICIAS;,30-59082789-0,Diarios y Noticias S.A.,79-1004-CON16,Original,240000.0,Peso Argentino,Proceso de Compra
79-0032-CDI16,79,79/000 - Dirección General Técnico - Administrativa - JGM,79,79/000 - Dirección General Técnico - Administrativa - JGM,79/000 - Dirección General Técnico - Administrativa - JGM,Contratación Directa,Sin Modalidad,Apartado 1: Compulsa Abreviada Por Monto,2016,16/12/2016 04:44:59 p.m.,ALIMENTOS;,33-54146376-9,FISCHETTI Y CIA S.R.L.,79-1008-OC16,Original,623750.0,Peso Argentino,Proceso de Compra
79-0034-CDI16,79,79/000 - Dirección General Técnico - Administrativa - JGM,79,79/000 - Dirección General Técnico - Administrativa - JGM,79/000 - Dirección General Técnico - Administrativa - JGM,Contratación Directa,Sin Modalidad,Apartado 1: Compulsa Abreviada Por Monto,2016,25/11/2016 04:29:59 p.m.,INFORMATICA;,30-70202483-4,Datastar Argentina S.A.,79-1003-OC16,Original,234532.0,Peso Argentino,Proceso de Compra
79-0034-CDI16,79,79/000 - Dirección General Técnico - Administrativa - JGM,79,79/000 - Dirección General Técnico - Administrativa - JGM,79/000 - Dirección General Técnico - Administrativa - JGM,Contratación Directa,Sin Modalidad,Apartado 1: Compulsa Abreviada Por Monto,2016,25/11/2016 04:29:59 p.m.,INFORMATICA;,30-70714639-3,SYSTEMNET S.A.,79-1002-OC16,Original,236489.0,Peso Argentino,Proceso de Compra
79-0035-CDI16,79,79/000 - Dirección General Técnico - Administrativa - JGM,79,79/000 - Dirección General Técnico - Administrativa - JGM,79/000 - Dirección General Técnico - Administrativa - JGM,Contratación Directa,Sin Modalidad,Apartado 2: Adjudicación Simple por Especialidad,2016,04/11/2016 01:30:50 p.m.,CINE/TELVIS./RADIO/FOTOGRAFIA;,30-70904986-7,REBOLUCION SA,79-1001-OC16,Original,9032650.0,Peso Argentino,Proceso de Compra
79-0036-CDI16,79,79/000 - Dirección General Técnico - Administrativa - JGM,79,79/000 - Dirección General Técnico - Administrativa - JGM,79/000 - Dirección General Técnico - Administrativa - JGM,Contratación Directa,Sin Modalidad,Apartado 3: Adjudicación Simple por Exclusividad,2016,15/09/2016 02:44:12 p.m.,IMPRENTA Y EDITORIALES;,30-70778707-0,Ediciones Rap s.a.,79-1000-OC16,Original,36372.0,Peso Argentino,Proceso de Compra
79-0038-CDI16,79,79/000 - Dirección General Técnico - Administrativa - JGM,79,79/000 - Dirección General Técnico - Administrativa - JGM,79/000 - Dirección General Técnico - Administrativa - JGM,Contratación Directa,Sin Modalidad,Apartado 1: Compulsa Abreviada Por Monto,2016,12/12/2016 05:28:36 p.m.,ARTICULOS DEL HOGAR;EQUIPOS;,30-70954722-0,Lc Global SRL,79-1007-OC16,Original,16475.0,Peso Argentino,Proceso de Compra
79-0039-CDI16,79,79/000 - Dirección General Técnico - Administrativa - JGM,79,79/000 - Dirección General Técnico - Administrativa - JGM,79/000 - Dirección General Técnico - Administrativa - JGM,Contratación Directa,Sin Modalidad,Apartado 1: Compulsa Abreviada Por Monto,2016,27/12/2016 12:26:29 p.m.,MANT. REPARACION Y LIMPIEZA;,30-71065322-0,MAXISEGURIDAD INDUSTRIAL SA,79-1011-OC16,Original,87120.0,Peso Argentino,Proceso de Compra
79-0043-CDI16,79,79/000 - Dirección General Técnico - Administrativa - JGM,79,79/000 - Dirección General Técnico - Administrativa - JGM,79/000 - Dirección General Técnico - Administrativa - JGM,Contratación Directa,Sin Modalidad,Apartado 2: Adjudicación Simple por Especialidad,2016,30/11/2016 12:45:40 p.m.,CINE/TELVIS./RADIO/FOTOGRAFIA;,30-71364980-1,TURBO TRUENO S.A,79-1006-OC16,Original,2286900.0,Peso Argentino,Proceso de Compra
79-0049-CDI16,79,79/000 - Dirección General Técnico - Administrativa - JGM,79,79/000 - Dirección General Técnico - Administrativa - JGM,79/000 - Dirección General Técnico - Administrativa - JGM,Contratación Directa,Sin Modalidad,Apartado 3: Adjudicación Simple por Exclusividad,2016,20/12/2016 03:33:35 p.m.,IMPRENTA Y EDITORIALES;,30-55135111-0,EDITORIAL DE COMUNICACIONES PUBLICAS S.A.,79-1010-OC16,Original,22985.0,Peso Argentino,Proceso de Compra
79-0050-CDI16,79,79/000 - Dirección General Técnico - Administrativa - JGM,79,79/000 - Dirección General Técnico - Administrativa - JGM,79/000 - Dirección General Técnico - Administrativa - JGM,Contratación Directa,Sin Modalidad,Apartado 3: Adjudicación Simple por Exclusividad,2016,06/12/2016 01:00:25 p.m.,IMPRENTA Y EDITORIALES;,30-50010631-6,LA LEY SOCIEDAD ANONIMA; EDITORA E IMPRESORA,79-1005-OC16,Original,470524.0,Peso Argentino,Proceso de Compra
79-0059-CDI16,79,79/000 - Dirección General Técnico - Administrativa - JGM,79,79/000 - Dirección General Técnico - Administrativa - JGM,79/000 - Dirección General Técnico - Administrativa - JGM,Contratación Directa,Sin Modalidad,Apartado 2: Adjudicación Simple por Especialidad,2016,29/12/2016 03:56:10 p.m.,CINE/TELVIS./RADIO/FOTOGRAFIA;,33-71070299-9,AURA ADVERTISING S.A,79-1013-OC16,Original,2808059.0,Peso Argentino,Proceso de Compra
79-0061-CDI16,79,79/000 - Dirección General Técnico - Administrativa - JGM,79,79/000 - Dirección General Técnico - Administrativa - JGM,79/000 - Dirección General Técnico - Administrativa - JGM,Contratación Directa,Sin Modalidad,Apartado 2: Adjudicación Simple por Especialidad,2016,29/12/2016 04:16:19 p.m.,CINE/TELVIS./RADIO/FOTOGRAFIA;,30-70856569-1,NUNCHAKU CINE SRL,79-1015-OC16,Original,11978225.0,Peso Argentino,Proceso de Compra
79-0062-CDI16,79,79/000 - Dirección General Técnico - Administrativa - JGM,79,79/000 - Dirección General Técnico - Administrativa - JGM,79/000 - Dirección General Técnico - Administrativa - JGM,Contratación Directa,Sin Modalidad,Apartado 2: Adjudicación Simple por Especialidad,2016,29/12/2016 04:12:57 p.m.,CINE/TELVIS./RADIO/FOTOGRAFIA;,30-71121413-1,CIRCUS BA S.A.,79-1014-OC16,Original,7021617.0,Peso Argentino,Proceso de Compra
79-0067-CDI16,79,79/000 - Dirección General Técnico - Administrativa - JGM,79,79/000 - Dirección General Técnico - Administrativa - JGM,79/000 - Dirección General Técnico - Administrativa - JGM,Contratación Directa,Sin Modalidad,Apartado 2: Adjudicación Simple por Especialidad,2016,29/12/2016 06:25:16 p.m.,CINE/TELVIS./RADIO/FOTOGRAFIA;,30-71216663-7,PROTEINA PURA SA,79-1016-OC16,Original,9079000.0,Peso Argentino,Proceso de Compra
79-0068-CDI16,79,79/000 - Dirección General Técnico - Administrativa - JGM,79,79/000 - Dirección General Técnico - Administrativa - JGM,79/000 - Dirección General Técnico - Administrativa - JGM,Contratación Directa,Sin Modalidad,Apartado 2: Adjudicación Simple por Especialidad,2016,30/12/2016 01:18:42 p.m.,CINE/TELVIS./RADIO/FOTOGRAFIA;,30-71088869-4,ROZCA S.A,79-1020-OC16,Original,4882350.0,Peso Argentino,Proceso de Compra
79-0070-CDI16,79,79/000 - Dirección General Técnico - Administrativa - JGM,79,79/000 - Dirección General Técnico - Administrativa - JGM,79/000 - Dirección General Técnico - Administrativa - JGM,Contratación Directa,Sin Modalidad,Apartado 3: Adjudicación Simple por Exclusividad,2016,29/12/2016 12:45:00 p.m.,MANT. REPARACION Y LIMPIEZA;,30-71060077-1,GOMEZ FABRE Y ASOCIADOS S.R.L.,79-1012-OC16,Original,3770000.0,Peso Argentino,Proceso de Compra
83-0681-CDI16,83,83/000 - Dirección General de Administración Financiera - MC,83,83/000 - Dirección General de Administración Financiera - MC,83/000 - Dirección General de Administración Financiera - MC,Contratación Directa,Sin Modalidad,Apartado 2: Adjudicación Simple por Especialidad,2016,16/12/2016 04:51:22 p.m.,SERV. PROFESIONAL Y COMERCIAL;,30-70907678-3,Asociación Civil de Desarrolladores de Videojuegos Argentinos ADVA,83-1002-OC16,Original,2000000.0,Peso Argentino,Proceso de Compra
83-0682-CDI16,83,83/000 - Dirección General de Administración Financiera - MC,83,83/000 - Dirección General de Administración Financiera - MC,83/000 - Dirección General de Administración Financiera - MC,Contratación Directa,Sin Modalidad,Apartado 3: Adjudicación Simple por Exclusividad,2016,30/11/2016 09:18:18 p.m.,SERV. PROFESIONAL Y COMERCIAL;,26-0181336,Pinta Art LLC,83-1000-OC16,Original,465000.0,Peso Argentino,Proceso de Compra
83-0688-CDI16,83,83/000 - Dirección General de Administración Financiera - MC,83,83/000 - Dirección General de Administración Financiera - MC,83/000 - Dirección General de Administración Financiera - MC,Contratación Directa,Sin Modalidad,Apartado 2: Adjudicación Simple por Especialidad,2016,15/12/2016 11:39:08 a.m.,SERV. PROFESIONAL Y COMERCIAL;,J86,UNA MÁS UNA S..C,83-1001-OC16,Original,950000.0,Peso Argentino,Proceso de Compra
83-0689-CDI16,83,83/000 - Dirección General de Administración Financiera - MC,83,83/000 - Dirección General de Administración Financiera - MC,83/000 - Dirección General de Administración Financiera - MC,Contratación Directa,Sin Modalidad,Apartado 3: Adjudicación Simple por Exclusividad,2016,23/12/2016 12:21:46 p.m.,SERV. PROFESIONAL Y COMERCIAL;,30-62669896-0,DELMIRO MENDEZ E HIJO S.A.,83-1003-OC16,Original,2089812.0,Peso Argentino,Proceso de Compra
83-0699-CDI16,83,83/000 - Dirección General de Administración Financiera - MC,83,83/000 - Dirección General de Administración Financiera - MC,83/000 - Dirección General de Administración Financiera - MC,Contratación Directa,Sin Modalidad,Apartado 3: Adjudicación Simple por Exclusividad,2016,30/12/2016 05:54:30 p.m.,LIBRERIA;PAP. Y UTILES OFICINA;,30-70942067-0,EDICIONES IAMIQUE S.A.,83-1008-OC16,Original,765400.0,Peso Argentino,Proceso de Compra
83-0701-CDI16,83,83/000 - Dirección General de Administración Financiera - MC,83,83/000 - Dirección General de Administración Financiera - MC,83/000 - Dirección General de Administración Financiera - MC,Contratación Directa,Sin Modalidad,Apartado 3: Adjudicación Simple por Exclusividad,2016,30/12/2016 05:41:55 p.m.,LIBRERIA;PAP. Y UTILES OFICINA;,30-70780677-6,V & R EDITORAS S.A.,83-1004-OC16,Original,720000.0,Peso Argentino,Proceso de Compra
83-0702-CDI16,83,83/000 - Dirección General de Administración Financiera - MC,83,83/000 - Dirección General de Administración Financiera - MC,83/000 - Dirección General de Administración Financiera - MC,Contratación Directa,Sin Modalidad,Apartado 3: Adjudicación Simple por Exclusividad,2016,30/12/2016 05:53:43 p.m.,LIBRERIA;PAP. Y UTILES OFICINA;,30-71183551-9,LZR Ediciones S.R.L.,83-1006-OC16,Original,259400.0,Peso Argentino,Proceso de Compra
83-0703-CDI16,83,83/000 - Dirección General de Administración Financiera - MC,83,83/000 - Dirección General de Administración Financiera - MC,83/000 - Dirección General de Administración Financiera - MC,Contratación Directa,Sin Modalidad,Apartado 3: Adjudicación Simple por Exclusividad,2016,30/12/2016 05:55:58 p.m.,LIBRERIA;PAP. Y UTILES OFICINA;,20-16678368-3,Diego Ariel Bianchi,83-1009-OC16,Original,1200000.0,Peso Argentino,Proceso de Compra
83-0704-CDI16,83,83/000 - Dirección General de Administración Financiera - MC,83,83/000 - Dirección General de Administración Financiera - MC,83/000 - Dirección General de Administración Financiera - MC,Contratación Directa,Sin Modalidad,Apartado 3: Adjudicación Simple por Exclusividad,2016,30/12/2016 05:52:57 p.m.,LIBRERIA;PAP. Y UTILES OFICINA;,30-70900738-2,DEL NARANJO SRL,83-1007-OC16,Original,385000.0,Peso Argentino,Proceso de Compra
83-0705-CDI16,83,83/000 - Dirección General de Administración Financiera - MC,83,83/000 - Dirección General de Administración Financiera - MC,83/000 - Dirección General de Administración Financiera - MC,Contratación Directa,Sin Modalidad,Apartado 3: Adjudicación Simple por Exclusividad,2016,30/12/2016 05:51:17 p.m.,LIBRERIA;PAP. Y UTILES OFICINA;,30-70182729-1,Adriana Hidalgo editora S.A.,83-1005-OC16,Original,400000.0,Peso Argentino,Proceso de Compra
83-0707-CDI16,83,83/000 - Dirección General de Administración Financiera - MC,83,83/000 - Dirección General de Administración Financiera - MC,83/000 - Dirección General de Administración Financiera - MC,Contratación Directa,Sin Modalidad,Apartado 3: Adjudicación Simple por Exclusividad,2016,30/12/2016 05:42:51 p.m.,LIBRERIA;PAP. Y UTILES OFICINA;,30-71081296-5,OJOREJA S.A.,83-1010-OC16,Original,265000.0,Peso Argentino,Proceso de Compra
95-0240-CDI16,95,95/000 - Dirección General de Administración - MDS,95,95/000 - Dirección General de Administración - MDS,95/000 - Dirección General de Administración - MDS,Contratación Directa,Sin Modalidad,Apartado 9: Adjudicación Simple con Universidades Nacionales,2016,29/12/2016 12:12:51 p.m.,SERV. PROFESIONAL Y COMERCIAL;,30-64622868-5,UNIVERSIDAD NACIONAL DE LA MATANZA,95-1000-OC16,Original,12187800.0,Peso Argentino,Proceso de Compra
999-0002-LPU16,999,999/000 - Oficina Nacional de Contrataciones,999,999/000 - Oficina Nacional de Contrataciones,26/000 - Dirección de Compras y Contrataciones - MRE,Licitacion Pública,Acuerdo Marco,,2016,29/12/2016 12:00:00 a.m.,INFORMATICA;,30-70936070-8,MS ARGENTINA SRL,26-1000-OC16,Original,20000.0,Peso Argentino,Proceso de Compra
999-0004-LPU16,999,999/000 - Oficina Nacional de Contrataciones,999,999/000 - Oficina Nacional de Contrataciones,76/000 - Gerencia de Administración y Finanzas - SIGEN,Licitacion Pública,Acuerdo Marco,,2016,29/12/2016 12:00:00 a.m.,INFORMATICA;,30-66327198-5,TACCO CALPINI SA,76-1007-OC16,Original,192150.1,Peso Argentino,Proceso de Compra
999-0004-LPU16,999,999/000 - Oficina Nacional de Contrataciones,999,999/000 - Oficina Nacional de Contrataciones,76/000 - Gerencia de Administración y Finanzas - SIGEN,Licitacion Pública,Acuerdo Marco,,2016,29/12/2016 12:00:00 a.m.,INFORMATICA;,30-70987884-7,SERVICIOS DIGITALES DE EXCELENCIA S.R.L,76-1006-OC16,Original,619946.99,Peso Argentino,Proceso de Compra
